id,budget,brief
9ba04d62-8210-4bb9-b68f-dea56a897c5e,10000.0,"Événement avec 24 participants, prévu du 14 au 16 juin, axé sur des activités de team building, budget de 10 000€ HT."
4765ac89-8b4f-4bc8-bb95-aa16a2d1e6ce,2000.0,"Événement pour 7 participants avec hébergement minimum de 7 chambres. Dates : 11 au 12 mai avec possibilité d'enregistrement anticipé et de départ tardif. Lieu proche de Paris, dans les départements 78 ou 92. Comprend 1 dîner, 2 déjeuners et 1 petit-déjeuner. L'espace est privatisé et équipé de wifi ainsi que d'espaces de travail. Budget total : 1.400€."
df7500a9-3c09-4a52-948d-4ab769564672,2250.0,"Événement pour 15 participants avec un minimum de 8 chambres. Dates : 22 au 23 juin, arrivée le matin et départ l'après-midi. Lieu situé à 2h30 de Paris en voiture. Comprend un dîner, deux déjeuners et un petit-déjeuner. Activités de team building prévues."
4dc5ef61-905b-4ae7-a384-d2a74e827840,4000.0,"Événement pour 20-25 participants avec hébergement en chambres partagées. Dates : du 30 juin au soir au 2 juillet matin, à moins de 2h de Paris. Comprend la livraison de courses à domicile, privatisation du lieu, et activités sur place telles que piscine et terrain de pétanque. Aucun travail prévu. Budget de 150-170€ par personne au total, avec un coût de 1000€ par nuit ou 2000€ pour 2 nuits."
bbca793f-8332-4f35-9b13-81feaf0848bb,3500.0,"Événement avec 20 participants, chambres partagées et lits individuels. Prévu du vendredi 9 juin à 15h jusqu'au samedi 10 juin à 21h en Île-de-France avec pass navigo. Repas simples avec livraison de courses à domicile. Lieu privatisé. Activités gérées par le client. Aucun travail prévu. Budget de 3200€ incluant hébergement, courses et transports du dernier kilomètre."
f2d00374-458a-4454-a77b-c686f72fdb75,5000.0,"Événement pour 19 participants avec un minimum de 10 chambres. Dates : du 31 mai au 01 juin, arrivée l'après-midi et départ vers 15h. Lieu : à maximum 1h de La Défense en voiture, dans un cadre verdoyant. Restauration incluse : 1 dîner, 2 déjeuners, 1 petit-déjeuner et des collations. L'espace est privatisé. Activités prévues : randonnée. Équipements : salle de réunion et wifi performant. Budget alloué : 5 000€ HT."
1b658104-7b35-4c61-ad19-e7a7ee1a2017,9000.0,"Événement pour 30 participants avec hébergement en chambres partagées, prévu du 5 au 7 juillet en Île-de-France. Accès via un pass Navigo, sans taxi à l'arrivée. Comprend 2 dîners, 2 déjeuners et 2 petits-déjeuners avec des options vegan, cuisine équipée avec courses livrées. Lieu privatisé avec wifi et espaces de travail. Activité de team building éco-responsable le vendredi matin, axée sur une balade collective dans la nature. Budget maximum de 300€."
b031d2b4-a0e3-4f3a-bf78-40c253e42e05,2500.0,"Événement pour un groupe de 30 participants, avec un besoin d'au moins 10 chambres. Dates prévues du 18 au 19 juillet, à une distance maximale de 2 heures de Paris. Lieu entièrement privatisé avec des activités à explorer. Aucun accès au wifi ni espaces de travail disponibles. Budget idéal de 2500€ HT."
7d3a1d13-e89c-4c17-b448-9e3f417c3e07,10000.0,"Événement pour 30 participants en Normandie, du 21 au 23 juin. Lieu privatisé avec piscine, dans un cadre naturel et cosy. Prévoir des petits-déjeuners et une soirée détente sans activités imposées, mais avec des options simples. Activités à suggérer telles que le sport, la randonnée ou le char à voile. Nécessité d'un projecteur ou d'une télévision. Participants autonomes en véhicule personnel."
03a50196-7f25-42ea-bfa1-c0e011ff9ece,0.0,"Demande de deux événements avec des participants et des chambres spécifiques. Le premier événement nécessite 7 participants avec des chambres privatives pour 3 jours, sans dates fixées, dans n'importe quelle région de France, avec un traiteur pour les repas et des activités de plein air. Le deuxième événement concerne 11 participants, avec des besoins similaires, s'étalant du dimanche soir au vendredi matin, dans une localisation également flexible. Les deux événements requièrent un bon accès à Internet et des espaces de travail adaptés."
cb3de13b-0223-4d9b-84d7-382c9cb9def1,3500.0,"Événement avec 9 participants et 9 chambres individuelles prévu du 04 au 05 juillet 2023, avec une arrivée à 10h et un départ à 17h. Localisation souhaitée en Bretagne ou en Île-de-France. Comprend un dîner, deux déjeuners, un petit déjeuner et deux collations. Privatisation souhaitée si possible. Une activité de dégustation de vin est prévue. Besoin de wifi et d'espaces de travail, incluant une salle de réunion, un projecteur et un écran."
75a25acc-0997-472c-acef-157ce9f8ca57,1700.0,"Groupe de 14-15 participants recherchant un hébergement privatisé dans un manoir ou château dans le nord de la France, avec des dates possibles entre fin octobre et début novembre. Gestion libre des repas et activités en autonomie, avec un budget maximum de 1500-1700€."
d5057ebc-5582-4b91-9bdc-106747fe5993,10000.0,"Événement avec 20 participants, se déroulant à Deauville du 19 au 21 juin. Comprend des repas et des pauses pendant les interventions, ainsi qu'un espace de travail. Prévoir 3 activités, telles que le char à voile et la mixologie."
d055c721-a9aa-48e9-8054-da0593bf461a,21000.0,"Événement pour 35 participants avec 20 chambres, prévu du 27 au 29 septembre 2023, comprenant une arrivée anticipée le matin et un départ tardif l'après-midi. Lieu situé à la montagne, privatisé pour l'occasion, avec une option de restauration à prévoir et des activités de team building assez dynamiques."
2885ef8e-6a1d-47bd-84c4-6edd983b539d,8000.0,"Capacité d'accueil de 80 participants avec 80 chambres, dates du 14 au 15 septembre (arrivée à 15h, départ à 12h), situé à 2h de Paris, activités disponibles avec proposition à faire, et espaces de travail inclus."
cd92b570-9a17-42dc-8ccc-e20fb6d50971,4000.0,"Événement pour 13 participants avec hébergement idéalement en 13 chambres. Dates : du 6 juillet matin au 7 juillet après-midi, arrivée à 12h et départ après déjeuner si nécessaire. Lieu : toute la France, avec préférence pour le soleil et à proximité d'une gare. Restauration : 1 dîner, 2 déjeuners, 1 petit-déjeuner. Préférence pour un lieu privatisé et en gestion libre. Activités prévues : rafting, à définir selon le lieu. Besoin d'une connexion wifi avec un débit minimum et d'espaces de travail pour deux groupes, avec au moins 2 écrans ou vidéoprojecteurs. Budget : 3500€ HT activités incluses, soit 270€ par personne."
dabf2951-529c-403c-b30e-b559d202a4e3,6000.0,"Capacité d'accueil - 28 participants | 14 chambres (7 simples). Certains viennent que le samedi. Dates - du 15/09/2023 (09h) au 17/09/2023 (18h). Localisation - Entreprise présente au Benelux et en France, événement en France (Nancy) avec une distance maximum de 4h30 de route de Bruxelles. Restauration - Non (petits déjeuners | déjeuners | dîners). Lieux - Gestion libre, privatisé c'est mieux, lieux modernes, entreprise assez jeune, grands espaces. Activités - Oui, samedi après-midi, balade en trottinette l’année passée. Besoin de wifi - Non. Espaces de travail - Non (week-end détente). Transport - Non. Budget - 5 000 € (200 par personne) ou 6000 €."
c94bcf7c-8e9d-4116-a3f2-17f7e79f5e35,0.0,Capacité d'accueil - 25 participants | 10 chambres. Dates - du 26/06/2023 (14h) au 27/06/2023 (15h). Localisation - Ile de France. Restauration - Non. Lieux - Privatisé. Activités - Non. Besoin de wifi - Oui. Espaces de travail - Non (Grand salon / grands espaces). Transport - Non. Budget - 2 000 € (80€ par personne pour l'hébergement).
5fc74d38-4905-449e-a9d7-79a71fd7fb42,2000.0,"Capacité d'accueil - 15 participants | 13 chambres minimum. Dates - du 30/06/2023 (16h) au 01/07/2023 (12h). Localisation - Seine et Marne, si possible proche de Meaux. Restauration - Proposer. Lieux - Privatisé."
f03b1668-5528-4b2a-859b-a882ae9f24ae,3000.0,"Participants : 7 personnes | 7 chambres. Dates : du 27/09/2023 (avant dej) au 28/09/2023 (après dej). Localisation : Max 1h de transport de Paris. Restauration : 7 petits déjeuners, 14 déjeuners, 7 dîners, 14 collations, Apéro vin et grignotage. Lieux : Partagé. Activités : oui mais pas sportif : escape game. Besoin de wifi : Oui. Espaces de travail : oui avec couleur et gindé. Transport : Non. Budget : 3 000 € (428,57143 par personne). Présélection : plusieurs lieux."
45462476-af60-4bac-9117-1857557dffdb,30000.0,Capacité d'accueil - 31 participants | chambres. Dates - du 29/08/2023 au 01/09/2023. Localisation - Près de Rouen ou aux alentours de Paris.
f8ecdad3-b629-4d7b-8d63-8a34c898da8e,18000.0,"Événement pour 36 participants avec 10 chambres, se déroulant du 13 au 16 septembre 2023 en Bourgogne et Clermont. Comprend 3 petits déjeuners, 4 déjeuners et 3 dîners. Lieu privatisé avec des activités d'olympiades, besoin de wifi et salle de conférence disponible. Transport en bus depuis Orléans."
a7366ad3-675f-41ef-acbf-6d66e639326f,0.0,"Événement pour 30 participants avec 5 chambres, se déroulant du 06/07/2023 (16h) au 07/07/2023 (10h), proche de Paris. Restauration incluse avec petits déjeuners, déjeuners et dîners. Lieu privatisé."
e0f3cb44-c7f4-4950-a7f6-f13df8dc55cc,2000.0,"Événement pour un groupe de 7 personnes avec hébergement dans 5 chambres, prévu du 10 au 11 juillet 2023 autour de Paris. Comprend la restauration avec un petit déjeuner, deux déjeuners et un dîner, ainsi que des espaces de travail disponibles."
f11b9458-5ac7-4047-b5ef-d06f4d684c4c,5000.0,"Événement pour 50 personnes avec 50 chambres, prévu du 27 au 28 septembre (arrivée 10h - départ 14h). Localisation accessible pour des participants venant de toute la France. Restauration en pension complète. Lieux pouvant être privatisés ou partagés. Prévoir des activités payantes et non payantes. Besoin de wifi et d'espaces de travail. Transport organisé de la gare au lieu. Budget total de 5 000 € (98,04 € par personne)."
a1536034-6ec3-4c0b-a8b4-971e5c6c62ce,10000.0,"Participants : 12 personnes | 12 chambres (international participants) Dates : du dimanche 22/10/2023 (soir) au 24/10/2023 (fin d'après-midi) Localisation : Genève (1h / 1h30 autour) / Jura Suisse ou Français Restauration : (2 petits déjeuners | 2 déjeuners | 2 dîners | 4 collations) Lieux : dépaysant, sympathique, avec un maximum d'espaces privatifs Activités : team building Besoin de wifi : oui Espaces de travail : un salon de sous commission Transport : autonomes Budget : 10 000 € HT (250 € HT/nuit/personne)"
b68fcd74-1937-4626-9278-c3eccc9fccfa,7000.0,Capacité d'accueil : 14 personnes | 14 chambres. Dates : du 27/09/2023 (18h) au 29/09/2023 (16h). Localisation : région côtière. Restauration : Oui (2 petits déjeuners | 2 déjeuners | 2 dîners). Lieux : Privatisé ou partagé. Activités : Activité en lien avec la région. Soirée : Non spécifiée. Besoin de wifi : Oui. Espaces de travail : Oui (salle de réunion). Transport : Non. Budget : 7 000 €.
9024d8da-c2b3-41cd-8fa2-7d95a5a920fc,1500.0,"Événement pour 6 participants avec hébergement en 6 chambres avec salle de bain. Dates : du 18 au 19 septembre 2023. Localisation en Ile de France. Restauration en pension complète avec repas et pauses. Lieux pouvant être privatisés ou partagés. Activités prévues : animation le soir, escape game ou murder party. Pas de soirée prévue. Besoin de wifi. Espaces de travail : 1 salle de réunion le 18 après-midi et le 19 toute la journée. Transport en autonomie. Budget d'environ 1 500 €."
ac093e41-3085-4a70-bafe-f9866172d6ed,6000.0,"Événement pour 20 participants avec hébergement et restauration. Dates : du 12 au 13 septembre 2023, localisation à Reims et alentours. Besoin d'un espace de travail équipé et connexion wifi. Pas d'activités ou de soirée prévues."
f0d10542-2b59-4a39-8d31-4f7c02b5add4,6500.0,"Participants : 10 personnes | 9 chambres. Dates : du 28/08/2023 (19h) au 31/08/2023 (15h). Localisation : IDF. Restauration : Oui (3 petits déjeuners | 3 déjeuners | 3 dîners). Lieux : Privatisé ou partagé. Activités : Non. Soirée : Non. Besoin de wifi : Oui. Espaces de travail : Oui (Important ils sont là pour travailler). Transport : Non. Budget : 6 500 € (216,67 €/nuit/personne)."
bb53f14b-8bdb-4021-bdb1-23f54998e1d2,20000.0,"Participants : 50 personnes | 15 chambres simples, le reste en partage. Dates : du 21/09/2023 au 22/09/2023, possibilité de début octobre, toujours un début jeudi/vendredi. Localisation : Hauts de France, Reims ou à 1h autour, nord de Paris. Restauration : 1 petit déjeuner, 2 déjeuners (idéalement des lunchbox), 1 dîner avec apéro. Lieux : privatisé ou partagé. Activités : 1 activité. Soirée : pas de soirée. Besoin de wifi : oui. Espaces de travail : réunion le premier après-midi, salle équipée. Budget : 20 000 €."
891e8c0f-fcdd-4263-837e-372ec11bb975,4000.0,"Participants : 8 personnes | 8 chambres. Dates : du 27/09/2023 (10h) au 28/09/2023 (18h) (ou 28 au 29). Localisation : 2h max de la ville. Restauration : Oui, 2 petits déjeuners, 2 déjeuners, 1 dîner. Lieux : Privatisé ou partagé (gestion libre avec restauration). Activités : Non (mais babyfoot, billard, molky). Soirée : Non. Besoin de wifi : Oui. Espaces de travail : Oui. Budget : 4 000 € HT maximum (500 €/nuit/personne)."
7a4602cc-432b-4c12-85e7-117651707072,15000.0,"Événement pour 30 à 40 participants, avec options de chambres individuelles et partagées. Durée d'une journée et demie, se déroulant en Normandie entre mi-septembre et mi-octobre. Restauration prévue avec dîners, petits déjeuners et déjeuners pour 40 personnes. Lieu à privatiser ou partager. Activités de team building ludiques comme un escape game et une chasse au trésor. Soirée prévue le jeudi. Besoin de wifi et d'espaces de travail équipés pour des conférences et projections. Transport à deviser. Budget total de 15 000 €."
2b98a60d-e193-472f-9e67-0ea128f1ff1a,10000.0,"Événement pour 35 participants avec hébergement et restauration. Dates du 9 au 11 octobre, localisation autour de Reims ou Saint Quentin. Activités à définir selon le budget, pas de soirée prévue. Besoin de wifi et d'espaces de travail adaptés. Budget d'environ 5 000 € HT."
abfc59ce-e532-4957-b2df-70f9ce4c9b97,6000.0,"Événement pour 15 participants avec des chambres disponibles. Dates flexibles à la fin de février ou début mars, arrivée à 18h et départ à 16h. Localisation dans les Alpes, le Jura ou les Vosges, accessible en train. Restauration incluse avec 2 petits déjeuners, 2 déjeuners et 2 dîners. Lieux pouvant être privatisés ou partagés. Activités disponibles. Besoin de wifi et espaces de travail avec salle de réunion ou sous-commission."
30bd47ff-e391-43da-b355-6e7aadd3e0e0,0.0,"Événement pour 18 participants avec 10 chambres, se déroulant du 25 au 26 octobre 2023, à 1-2 heures de Paris. Comprend la restauration (petit déjeuner, déjeuner, dîner) et des activités. Lieu privatisé avec soirée prévue. Besoin de wifi, transport en train ou bus, budget de 4 000 €."
8fdd2876-384c-40ed-95c5-2b8da9d11f80,35000.0,"Événement pour 45 participants avec 23 chambres réservées. Dates de l'événement : du 11 au 13 avril 2024. Localisation en Île-de-France. Restauration incluse avec petits déjeuners, déjeuners et dîners. Lieux pouvant être privatisés ou partagés. Pas d'activités prévues, mais une soirée est organisée. Besoin de wifi et d'espaces de travail. Pas de transport inclus. Budget total de 35 000 €."
9f1b579e-adbf-45a5-ba8e-603033e7badf,0.0,"Événement pour 12 participants avec 8 chambres réservées. Dates : du 18 au 19 octobre 2023, en Île-de-France. Restauration incluse avec petits déjeuners, 2 déjeuners et 1 dîner. Lieu privatisé. Activités à proposer. Besoin de wifi et d'espaces de travail. Transport prévu par train et taxi. Budget de 3 000 € par nuit et par personne."
edfb74c5-a2a7-482c-8436-ad126210a645,10000.0,"Participants : 30 personnes | 15 chambres. Dates : du 08/12/2023 au 10/12/2023. Localisation : Alpes, haute Savoie, Annecy, ou Alsace / Strasbourg. Restauration : Oui (1 repas). Lieux : Privatisé ou partagé. Activités : Oui. Soirée : À voir. Besoin de wifi : Oui mais pas haut débit. Espaces de travail : Oui 1 jour en tout. Transport : Train ou bus depuis Lyon ou Grenoble. Budget : 21 000 € (350 €/nuit/personne). Présélection : Se focaliser sur le lieu. Informations complémentaires : Endroit bien desservi, objectif : créer des moments exceptionnels pour 30 personnes, avec un enjeu de cohésion."
722fa7f3-7c84-4230-b995-b0851a8bf6cb,4000.0,"Événement pour 40 participants avec chambres partagées, se déroulant du 17 au 19 novembre 2023 à 2 heures de Paris. Lieu privatisé sans restauration, avec des activités prévues et une soirée le samedi. Pas de besoin de wifi ni d'espaces de travail, transport non inclus."
f781a962-cecc-4a2d-b63d-7e9d176a5f0a,3000.0,"Événement pour 8 participants avec 8 chambres, prévu du 20 au 21 novembre 2023. Localisation à moins de 2 heures de Paris. Restauration incluse : 1 petit déjeuner, 2 déjeuners et 1 dîner. Activités prévues, avec une attention particulière pour 2 femmes enceintes. Espaces de travail disponibles, incluant un accès à une salle de réunion et une salle d'activités/conférence."
444eda18-2d2d-4cf7-8998-3887dcc4b2b7,3000.0,"Événement avec 12 participants se déroulant à Lyon du 23 au 24 novembre 2023. Pas de restauration ni d'activités prévues, mais des espaces de travail seront disponibles. Transport non inclus. Lieu présélectionné : un château."
9e0d80e4-b46c-43a7-81a9-06469e860384,3000.0,"Événement pour 50 participants avec hébergement en chambres simples et dortoirs. Dates prévues du 27 au 28 janvier 2024, avec flexibilité d'une semaine. Localisation à une heure de Paris. Restauration incluse avec un petit déjeuner, deux déjeuners et un dîner."
833bb445-5b27-4937-a81b-3895a73fb8be,0.0,"Événement pour 9 participants avec hébergement de 9 chambres. Dates : du 19/12/2023 au 20/12/2023. Localisation : moins de 2h de Paris. Restauration incluse : 1 petit-déjeuner, 2 déjeuners, 1 dîner. Lieux : privatisé ou partagé. Activités : oui, indoor, piscine souhaitée. Soirée : oui. Besoin de wifi : oui le premier jour. Espaces de travail : oui le premier jour. Transport : non. Budget : 2 000 €."
236a8900-c8cd-4655-ac2f-b3039287cc8c,0.0,"Événement pour 25 participants avec 15 chambres réservées, se déroulant du 11 au 13 mars 2024. Localisation dans toute la France. Comprend la restauration avec 2 petits déjeuners, 2 déjeuners et 2 dîners. Espaces de travail disponibles avec salle plénière et sous-commission. Besoin de wifi et soirée festive prévue. Pas d'activités ni de transport organisé."
6d8455d8-88ea-4ba0-bd34-ce481fda2caa,30000.0,"Événement pour 35 participants dans un lieu atypique avec hébergement en chambres simples. Dates : du 3 au 5 juillet, localisation autour de Fontainebleau. Restauration incluse : 2 petits déjeuners, 3 déjeuners et 2 dîners. Activités proposées : escalade, nature, balades et équitation. Besoin de wifi et d'un espace de travail pour une journée."
2a556b48-9282-4e6f-a76f-b0fd6fc12a60,1200.0,"Événement pour 4 participants avec hébergement en 4 chambres. Dates : du 29 au 30 novembre 2023, localisation autour de Colmar. Restauration incluse (petits déjeuners, déjeuners, dîners). Lieux peuvent être privatisés ou partagés. Activités prévues. Soirée organisée. Besoin de wifi et espaces de travail disponibles. Pas de transport fourni."
93da9384-70b6-44ad-a9e1-49de8d5cbfae,4500.0,"Événement pour 8 participants à Lyon du 05/12/2023 au 07/11/2023 avec restauration incluant 2 petits déjeuners, 3 déjeuners et 2 dîners. Lieu privatisé ou partagé, sans activités prévues, besoin de wifi et d'espaces de travail, pas de transport fourni."
ea66bfda-ea0e-4f3b-9f2d-a7a3e8053a8b,6000.0,"Événement pour 30 participants, prévu du 13 au 14 mars 2024, proche de Paris. Séminaire de cohésion avec location de grandes maisons pour des espaces communs conviviaux et des activités."
2756dd64-986d-475a-b0c2-07ea0cb21fdb,12000.0,"Événement pour 60 participants avec 30 chambres réservées. Dates : du 05/09/2024 (12h) au 06/09/2024 (15h), localisation entre Paris et Bordeaux. Restauration incluse : 1 petit déjeuner, 2 déjeuners et 1 dîner. Lieu privatisé avec activités de loisir sur place : piscine, terrain de tennis, pétanque, sauna, etc. Soirée avec open bar pendant 3 heures, sans DJ. Pas de besoin de wifi. Espace de travail prévu en format îlots pour l'après-midi du premier jour. Transport organisé avec navette. Budget total de 12 000 €. Présélection de plusieurs domaines pour l'événement. Séminaire annuel pour remercier les équipes, avec une ambiance détendue, à l'exception d'une plénière de 1h30 le premier jour. Programme détaillé pour les deux jours incluant des repas, des activités et une soirée dansante."
2ef5faa5-a896-49c2-a6a6-9b58e2b321a9,700.0,"Événement pour 7 participants prévu le 11 décembre 2023, avec une journée au vert dans les Deux-Sèvres, la Vendée ou le Maine-et-Loir. Comprend un petit-déjeuner, une pause gourmande et un déjeuner, sans activités prévues. Des espaces de travail seront disponibles, mais aucun transport n'est inclus. Le budget total est de 700 €."
36abe73e-7c4c-4f5e-8d90-d870b7254a74,0.0,"Événement pour 32 participants avec des dates du 30 janvier au 2 février 2024. Comprend des repas (petits déjeuners, déjeuners, dîners), des activités, une soirée, un besoin de wifi, des espaces de travail, et un budget de 5 000 €."
0c6cfd8d-e4cb-4256-8a7b-9b3b223138a6,3200.0,"Événement pour 15 participants avec hébergement dans 15 chambres. Dates prévues du 12 au 14 février 2024. Localisation à environ 1h à 1h30 de Nantes. Restauration incluse avec 2 petits déjeuners, 2 déjeuners et 2 dîners. Lieu privatisé avec gestion libre. Activités disponibles. Besoin de wifi et d'espaces de travail. Pas de transport fourni."
edc28aa7-24d0-4ef2-ba38-416d5afe4fd4,8000.0,"Participants : 20 personnes | 20 chambres. Dates : du 28/05/2024 au 30/05/2024. Localisation : Max 2h de l’aéroport de Perpignan ou Lyon. Restauration : Non (petits déjeuners | déjeuners | dîners). Lieux : Privatisé ou partagé. Activités : Oui. Soirée : Oui. Besoin de wifi : Oui. Espaces de travail : Oui. Transport : Non. Budget : 8 000 € (200 €/nuit/personne). Présélection : Bergerie de Julien, Domaine d'Alice."
0975664a-58ff-4d32-beec-11656dec6291,5000.0,"Participants : 25 personnes | 25 chambres. Dates : du 06/03/2024 (16h) au 08/03/2024 (15h). Localisation : Loire Atlantique. Restauration : Oui (petits déjeuners | déjeuners | dîners) avec collations matin et aprem (juste café). Activités : Non. Soirée : Non. Besoin de wifi : Oui. Espaces de travail : Oui (tous les jours). Transport : Non. Budget : 200/personnes fourchette haute (/nuit/personne). Informations complémentaires : Demande de devis pour un séjour en Loire Atlantique pour 25 personnes du 06 mars au 08 mars, hébergement en chambre individuelle, accès à une salle de réunion, petit déjeuner, déjeuner et dîner inclus."
7bfe00b7-ac7f-47b7-940e-40a2b01aa9c0,25000.0,"Participants : 40 à 45 personnes | 25 chambres. Dates : du 02/07/2024 (17h) au 05/07/2024 (17h). Localisation : Partout en France, préférence pour le sud, lieu de vie convivial, pas d'hôtel, lieu privatif, pension complète, endroit pour faire la fête. Restauration : Oui (3 petits déjeuners, 3 déjeuners, 3 dîners). Lieux : Privatisé. Activités : Oui, activité team-building à proposer. Soirée : Oui, idéalement les soirs. Besoin de wifi : Oui. Espaces de travail : Oui, mais pas besoin d'espace formel. Transport : Oui, bus depuis la gare la plus proche potentiellement. Budget : 25 000 € HT environ hors train et locations de voiture."
2b0f3448-c1a5-4536-bad9-b37c5eae9a05,0.0,"Événement pour 14 participants avec hébergement de 14 chambres. Dates prévues du 30 janvier 2024 (12h) au 31 janvier 2024 (15h). Localisation proche de l'axe Reims-Troyes. Restauration incluse (petits déjeuners, déjeuners, dîners). Lieux pouvant être privatisés ou partagés. Activités disponibles, mais pas de soirée prévue. Besoin de wifi confirmé et espaces de travail disponibles. Pas de transport fourni."
66fee49e-ac33-483f-893d-7f6e4d8021a0,10000.0,"Événement pour 40 participants avec 40 chambres, prévu du 11 au 12 mars 2024. Localisation souhaitée : Evian les Bains, Annecy ou Lille, ainsi que les zones de Marne et Bourgogne. Restauration incluse : 1 petit déjeuner, 1 déjeuner et 1 dîner. Lieu à privatiser ou partager. Activités de team-building et animation pour la soirée prévues. Besoin de wifi et d'espaces de travail pour 2 jours de réunion. Pas de transport inclus. Budget de 10 000 € HT (250 €/nuit/personne)."
0ed90f7d-b39b-4678-8f73-7001e7c0581c,2000.0,"Participants : 18 personnes | 10 chambres. Dates : du 14/03/2024 (09h) au 15/03/2024 (16h). Localisation : à max 1h de Lyon. Restauration : Non. Lieux : Privatisé. Activités : Non. Soirée : Non. Besoin de wifi : Oui. Espaces de travail : Oui (Pas forcément 18 postes de travail mais au moins une pièce qui puisse rassembler tout le monde). Transport : Non. Budget : 2 000 € (111,11 €/nuit/personne). Présélection : La Villa de Paul. Informations complémentaires : Faire des suggestions au budget différent : 1000€ / 1500€ / 2000€ + Trouver un lieu avec soit Piscine / Sauna / Jacuzzi."
c6092d67-caa0-4b6a-88a8-2bffedd48b0b,1500.0,"Participants : 7 personnes | 7 chambres. Dates : du 14/03/2024 (18H) au 16/12/2023 (11h) - 3 jours deux nuits. Localisation : Au vert, idéalement 30 mn de Roissy, donc Senlis / Chantilly, possible aussi en plan B au Sud-Ouest de Paris ou en direction de la Normandie. Restauration : Oui idéalement ou alors eux-même les dîner du vendredi soir (2 petits déjeuners | 2 déjeuners | 1 dîner). Lieux : Pas d'importance. Activités : Non spécifiées. Soirée : Non. Besoin de wifi : Oui. Espaces de travail : salle de réunion sans tables pour pouvoir échanger. Transport : Non spécifié. Budget : 1 500 € - 2000 euros approximativement."
c5f647a8-0144-4580-a6b1-a34caa012f22,18000.0,"Événement pour 50 participants avec hébergement prévu. Dates de l'événement : du 04 au 05 juillet 2024. Localisation en Eure et Loire. Restauration incluse avec un petit déjeuner, un dîner et pas de déjeuner. Lieu pouvant être privatisé ou partagé. Activités prévues le premier jour vers 15h. Soirée chill avec accès à certains équipements comme une piscine et un billard, ainsi qu'un forfait boisson. Pas de besoin de wifi ni d'espaces de travail. Pas de transport prévu. Budget total de 20 000 € avec un coût de 400 €/nuit/personne. Dates flexibles sur la première quinzaine de juillet ou fin juin, avec une préférence pour la fin de semaine. Objectif principal : maximiser le bien-être des collaborateurs. Activité souhaitée : montgolfière au-dessus des châteaux de la Loire."
3ea3f8e5-4346-49ef-8f49-37bf47d80ee0,15000.0,"Participants : 40 personnes | 15 chambres individuelles et 12 partagées. Dates : du 25/09/2024 (11h) au 27/09/2024 (11h). Localisation : Entre Paris et Vendome. Restauration : Oui (2 petits déjeuners | 3 déjeuners | 2 dîners). Lieux : Privatisé ou Partagé. Activités : Oui, Olympiades. Soirée : Oui Karaoké. Besoin de wifi : Oui. Espaces de travail : Oui (Une plénière et une sous-commission). Transport : Non."
69fd8153-5b7f-4345-b574-e9e4b0818abd,4000.0,"Événement avec 27 participants, se déroulant du 05 au 06 mars 2024, incluant des repas tout au long de la journée."
cfc58444-4b8c-4362-86f1-a42fbb976cfe,3000.0,"Événement pour 10 participants, prévu du 06 au 07 mars 2024, accessible depuis Paris."
db47cbad-3f59-4c9d-bccc-aa82c46e02cd,40000.0,"Événement pour 150 participants avec 75 chambres réservées. Dates : du 04/06/2024 (12h) au 06/06/2024 (14h). Localisation sur la Côte landaise ou basque. Restauration incluse : 2 petits déjeuners, 3 déjeuners et 2 dîners. Lieux pouvant être privatisés ou partagés. Activités d'équipe prévues une après-midi. Soirée cocktail avec dancefloor. Besoin de wifi et d'espaces de travail."
b0f8502f-cdaa-475d-b3af-3c62715b28e0,0.0,"Événement pour 60 participants avec 30 chambres réservées, se déroulant du 14 au 16 mai 2024, à moins de 3 heures de Paris. Comprend 2 petits déjeuners, 3 déjeuners et 2 dîners. Lieu privatisé ou partagé, avec des activités et une soirée prévues. Pas de besoin de wifi ni d'espaces de travail. Transport inclus. Budget total de 35 000 €."
83841b88-3aef-4744-a976-5247e5ee3546,50000.0,"Événement pour 65 participants avec hébergement de 32 chambres à Biarritz, du 20 au 22 septembre 2024. Comprend la restauration avec 2 petits déjeuners, 2 déjeuners et 2 dîners. Lieu privatisé ou partagé, activités de cohésion, soirée dansante prévue. Besoin de wifi, pas d'espaces de travail ni de transport inclus. Budget total de 50 000 €."
4d0778de-7825-4c20-8e80-a7e14abdb032,3000.0,"Participants : 11 personnes | 5 chambres. Dates : du 09/04/2024 (09h) au 12/04/2024 (18h). Localisation : Autour de Paris (1h-1h30 max). Restauration : Non (0 petits déjeuners | 0 déjeuners | 0 dîners). Lieux : Privatisé. Activités : Non, Peut-être plus tard. Soirée : Non. Besoin de wifi : Oui. Espaces de travail : Oui (Un grand Salon sympa et une grande table). Transport : Non, Peut être plus tard. Budget : 3 000 € (90,91 €/nuit/personne). Informations complémentaires : Lieu en gestion libre / pas de restauration / lieu sympa au vert bien équipé / jouer le coup de coeur dans le budget."
b5b61450-c6d4-4f8d-891f-e988b08a052f,15000.0,Événement pour 40 participants avec 30 chambres réservées. Dates du 20 au 21 juin 2024. Localisation à Rouen et Le Havre. Restauration incluse avec un petit déjeuner et un dîner. Lieu privatisé. Activités de teambuilding à proposer. Soirée avec animation DJ. Besoin de wifi et d'espaces de travail pour 60 personnes. Pas de transport prévu. Budget total de 15 000 €.
655e9db7-8c2a-4db6-96af-1550963840b5,0.0,"Événement pour 6 participants avec 6 chambres, prévu du 05/03/2024 au 07/03/2024. Localisation entre Colmar et Bâle. Comprend 2 petits déjeuners, 3 déjeuners et 2 dîners. Lieu privatisé ou partagé. Activités incluses, pas de soirée. Besoin de wifi et espaces de travail disponibles. Budget total de 3 000 €."
1702efa3-8d8c-4068-a0a5-018ec3c6c540,0.0,"Événement avec 17 participants et 10 chambres, prévu du 25 au 27 avril 2024 au Pays Basque. Restauration incluse avec petits déjeuners, déjeuners et dîners. Lieu privatisé ou partagé, sans activités ni soirée. Besoin de wifi."
bc04c6fe-190b-4131-b487-d99a9efd4339,11000.0,"Événement pour 30 participants avec hébergement de 15 chambres. Dates du 03 au 05 avril 2024. Localisation proche de Paris, côté Normandie, maximum 2h30 de trajet. Restauration incluse : 2 petits déjeuners, 1 déjeuner et 3 dîners. Lieu privatisé avec possibilité d'activités et suggestions. Soirée non confirmée mais envisageable. Besoin de wifi et d'espaces de travail. Transport non organisé pour le moment. Budget de 10 000 €, soit 166,67 €/nuit/personne. Présélection de plusieurs domaines. Informations complémentaires : rendez-vous prévu le 15/02 à 14h, dates flexibles sur les deux premières semaines d'avril, bonus : piscine extérieure ou bord de mer."
aec40f2e-f2de-4fde-838e-c6638ed2d03a,20000.0,"Participants : 40 personnes | 21 chambres. Dates : du 19/08/2024 (10h) au 22/08/2024 (14h) OU du 20/08/2024 (10h) au 23/08/2024 (14h). Localisation : éviter les zones impactées par les JO - Bretagne ou Sud Ouest ou Barcelone. Restauration : Oui, pension complète (2 petits déjeuners | 3 déjeuners | 2 dîners). Lieux : Privatisé ou partagé. Activités : Oui, un team building axé autour de la cohésion d'équipe. Soirée : Oui, soirée festive un des 2 soirs. Besoin de wifi : Oui. Espaces de travail : Oui (plénière). Transport : Non. Budget : 20 000 € (/nuit/personne). Informations complémentaires : Idéalement, le lieu serait situé à maximum 20 minutes d'une gare TGV, propice à une soirée le 21 ou 22 ainsi que doté d'une salle propice à la réalisation de présentations sous forme de slides. Soirée des 10 ans de la marque le 2ème soir dans salle privatisée, de préférence déjà équipée (lumières, enceintes, etc.) avec DJ."
20eac527-28ca-477f-99e2-c9fae030332e,0.0,"Événement pour 200 participants avec 10 chambres réservées. Dates : 27 juin 2024 de 08h à 19h. Localisation : Pau. Restauration incluse pour 200 petits déjeuners, déjeuners et dîners. Lieu privatisé. Pas d'activités ou de soirée prévues. Besoin de wifi et espaces de travail disponibles (salle de sous-commission de 70m2). Pas de transport fourni. Budget de 14 000 € par nuit et par personne."
02ff139b-8156-4cb4-a15c-40bc9697d3ff,0.0,"Événement pour 22 participants avec 21 chambres, prévu du 25 au 26 mars 2024 en Bretagne. Comprend la restauration avec petits déjeuners, déjeuners, dîners et collations. Lieu privatisé ou partagé, sans activités ni soirée. Besoin de wifi et d'espaces de travail. Pas de transport inclus. Budget total de 5 500 €."
4d9f7b15-5c83-48ec-85c6-3d967f60dd0e,0.0,Événement de type crémaillère.
f69336b4-5066-4bfd-aaf9-b28c173db22d,6000.0,"Événement pour 20 participants avec hébergement. Dates : du 27 mars 2024 au 28 mars 2024. Localisation proche d'une grande ville. Restauration incluse avec un petit déjeuner, deux déjeuners et un dîner. Lieu pouvant être privatisé ou partagé. Pas d'activités ou de soirée prévues. Besoin de connexion wifi et d'espaces de travail."
8bd2f193-9f9a-4d23-ae7f-78b6e17e93cd,0.0,"Événement pour 280 participants avec 150 chambres réservées. Dates : 26/06/2024 au 27/06/2024. Localisation : plusieurs villes. Restauration incluse avec petit-déjeuner, déjeuners et dîner. Lieux privatisés. Activités non prévues, mais soirée organisée. Espaces de travail disponibles avec salle de réunion pour 280 personnes. Transport non inclus."
3bf415ae-7255-4868-919f-b882bf1c0ee3,15000.0,"Événement pour 15 participants avec hébergement, se déroulant du 04 au 06 septembre 2024, dans un lieu accessible proche d'une gare dans le Sud de la France. Comprend 2 petits déjeuners, 2 déjeuners et 2 dîners. Lieu privatisé ou partagé, avec des activités de cohésion et une soirée. Besoin de wifi et d'espaces de travail pour des sessions d'étude. Pas de transport inclus. Budget total de 15000 €, avec des critères de sélection pour un lieu intimiste avec piscine."
1947c852-e29c-4f41-86e2-c30bdd53a35f,4000.0,"Événement pour 20 participants avec 10 chambres réservées, se déroulant à Marseille du 17 au 19 avril 2024. Pas de restauration ni d'activités prévues, et la soirée n'est pas incluse. Un lieu privatisé sera utilisé, avec besoin de wifi et d'espaces de travail. Aucun transport n'est prévu."
d0bba229-85af-4655-bf76-3453c706125c,9000.0,Participants : 40 personnes. Dates : du 14/06/2024 (10h) au 14/06/2024 (23h). Localisation : à 1h30 max d'une grande ville côtière avec accès direct à la plage. Restauration : Oui (0 petits déjeuners | 1 déjeuner | 1 dîner). Lieux : Privatisé ou partagé. Activités : Non. Soirée : Non. Besoin de wifi : Non. Espaces de travail : Non. Transport : Non. Budget : 9 000 € (/nuit/personne).
89fc8519-5ee5-4a11-bc67-996ebb3a0234,7000.0,"Un événement pour 15 participants avec 15 chambres twin réservées. Dates de l'événement : du 14 mai 2024 (11H) au 16 mai 2024 (11H). Localisation proche de Paris. Restauration incluse avec petits déjeuners, déjeuners et dîners. Lieu privatisé. Activités prévues le premier après-midi, le deuxième après-midi et la matinée du troisième jour. Pas de soirée prévue. Besoin de wifi et d'espaces de travail. Transport organisé. Budget total de 9 750 € (325 €/nuit/personne)."
5ee91f4a-e652-4d92-ac7c-9322feab4474,3000.0,"Événement pour 13 participants avec hébergement en chambres individuelles. Dates prévues du 30 au 31 mai 2024, localisation souhaitée dans le sud, potentiellement près de Lyon. Restauration incluse avec un petit déjeuner, deux déjeuners et un dîner. Lieux à privatiser ou partager. Activités prévues. Pas d'espaces de travail nécessaires. Budget d'environ 250€ par personne. Préférence pour le château de Luc."
ac08362c-5e3e-4721-9c73-ade2d98674b5,10000.0,"Participants : 12 personnes | 12 chambres. Dates : du 03/09/2024 au 06/09/2024. Localisation : Bord de Loire, Nantes, Angers. Restauration : Oui (petits déjeuners | déjeuners | dîners). Lieux : Bord de Loire, Nantes, Angers. Environnement plutôt vert, grand espace. Activités : Oui. Soirée : Non. Besoin de wifi : Oui. Espaces de travail : Oui. Transport : Non. Budget : 9 000 € (250 €/nuit/personne). Informations complémentaires : Organisation d'un CODIR en septembre. Du mardi 3 septembre au vendredi 6. Mardi : Déjeuner (style buffet – sans vin) x12, Salle de réunion pour l’après midi x12, Fin d’après midi activité à définir x12, Diner x12, Chambre + petit déjeuner x12. Mercredi : Salle de réunion pour la journée x12, Déjeuner (style buffet – sans vin) x12, Diners x9, Chambre + petit déjeuner x9. Jeudi : Salle de réunion pour la journée x9, Déjeuner (style buffet – sans vin) x9, Diner x9, Chambre + petit déjeuner x9. Vendredi : Salle de réunion pour la matinée x9. Activité le mardi de 16h30 à 19h/19h30. Habituellement on fait une balade en vélo, donc ça peut être dans ce style là, ou aussi dans un style plus coopératif, escape game ; épreuve de sport."
903e1a45-8a8c-4810-a810-fd2edfb1308f,18000.0,"Événement pour 35 participants avec 20 chambres réservées, se déroulant du 18 au 20 septembre 2024 à Vannos. Comprend 2 petits déjeuners, 2 déjeuners et 2 dîners. Lieu privatisé ou partagé, soirée avec karaoké. Pas d'activités prévues, besoin de wifi ou d'espaces de travail. Aucun transport fourni. Budget total de 18 000 €."
0b587119-2e0d-490e-9901-5b6eea9d6005,3000.0,"Événement pour 25 participants avec hébergement de 12 chambres, prévu du 19 au 21 juillet 2024 dans le sud de la France, région PACA. Pas de restauration ni d'activités prévues, uniquement un logement pour réunir les participants. Budget total de 7 500 € pour le séjour. Recherche d'un lieu pouvant accueillir ce groupe sans chambres partagées, avec possibilité d'accès à une cuisine. Arrivée prévue vers 19h et départ à 16h."
3769a6d1-6ef9-4ab9-91a6-390ec97d4f50,22000.0,"Événement pour 600 participants sur 2 jours en octobre, divisé en 2 groupes de 150 le matin et 150 l'après-midi. Localisation autour de Strasbourg ou Paris, maximum 1h de trajet. Restauration prévue avec café d'accueil pour 150 personnes, déjeuners pour 300 personnes et dîners. Lieu à privatiser ou à partager. Pas d'activités ni de soirée. Besoin de wifi et d'espaces de travail avec pause café, comprenant 10 stands avec table et deux chaises dans la même salle avec le petit déjeuner. Pas de transport prévu. Budget le plus bas possible par nuit et par personne."
945ab01a-9be7-462c-bb75-1f38e3d5fef8,3200.0,"Événement pour 16 participants avec hébergement en 16 chambres. Dates : du 03/06/2024 (12h) au 04/06/2024 (14h) en Ardèche. Restauration incluse : 1 petit déjeuner, 2 déjeuners et 1 dîner. Lieu privatisé ou partagé. Activité de kayak prévue le mardi matin. Besoin de wifi et d'un espace de travail avec vidéoprojecteur. Budget total de 3 200 € (200 €/nuit/personne). Une piscine serait un atout majeur."
b8056763-ced6-4ff4-b43f-fd80feb1ef82,0.0,"Événement avec 40 participants, prévu du 19 au 20 juin 2024, avec arrivée anticipée et pension complète."
d30a32c4-1330-44a2-9fce-1398045091d5,0.0,"Événement pour un groupe de 11 personnes, se déroulant du 02 au 05 juillet 2024. Arrivée anticipée prévue, départ tardif non autorisé. Restauration en pension complète avec diverses prestations, y compris l'hébergement complet, les frais de ménage, le linge de maison, et des repas livrés."
a1eac916-d78e-47b4-acd5-df78e66efaa1,3000.0,"Événement pour 6 participants avec hébergement en 6 chambres. Dates : du 25 juin 2024 au 27 juin 2024. Localisation : Pays Basque, Landes. Restauration incluse : 18 petits déjeuners, 18 déjeuners, 12 dîners. Lieux : privé ou partagé. Activités prévues. Pas de soirée. Besoin de wifi et d'espaces de travail. Pas de transport fourni. Budget total de 3 000 €."
c92459a0-9130-48d4-8c0e-f2f6dae2c3ad,0.0,"Événement avec 12 participants prévu du 26 au 27 septembre 2024, avec départ tardif autorisé et pension complète incluant hébergement, petit déjeuner, déjeuner et dîner."
e9e7ed0b-1c44-444a-9145-42bec62f50b1,0.0,"Événement avec 32 participants prévu du 20 au 21 juin 2024, incluant 10 chambres simples et 11 chambres doubles. Arrivée anticipée et départ tardif autorisés. Restauration en pension complète."
56306185-376c-4ca9-9b81-98e96d8d6232,0.0,"Événement pour un groupe de 8 participants, se déroulant sur deux jours avec hébergement en chambres simples. Arrivée anticipée et départ tardif prévus, avec restauration en pension complète."
1bf80989-6ca7-4807-b840-b304c5175e67,7000.0,"Participants : 20 personnes | 10 chambres. Dates : du 05/06/2024 (12h) au 07/06/2024 (11h) du mercredi au vendredi. Localisation : Drome, ardèche 4h autour de chambéry. Restauration : Oui (petits déjeuners | déjeuners | dîners). Lieux : privatisé ou partagé. Activités : Oui, accessibles pas que des sportifs dans l'équipe. Soirée : Non. Besoin de wifi : Oui. Espaces de travail : Oui. Transport : Non. Budget : 7 000 € (175 €/nuit/personne) 8K maximum."
167b1d05-28e5-4bd0-be82-1f6dfa0bd0a3,10080.0,"Événement pour 20 participants avec 10 chambres, se déroulant du 29 octobre 2025 au 1er novembre 2025 dans le sud de la France. Restauration incluse avec 2 petits déjeuners, 2 déjeuners et 2 dîners. Lieu privatisé avec des activités et une soirée prévues. Pas de besoin de wifi ni d'espaces de travail. Transport par train. Budget total de 10 080 € avec un coût de 180 € par nuit et par personne. Séminaire d'entreprise pour un collectif de freelances, avec un chef pour la restauration et une ambiance conviviale."
0059bf07-67f4-4323-a2c2-3418214d0f35,0.0,"Événement pour un groupe de 7 personnes, nécessitant un minimum de 2 chambres. Dates prévues du 18 au 19 juillet 2024, avec une localisation à 2 heures de route d'Evreux. Restauration incluse avec un petit-déjeuner, un déjeuner et un dîner. Activités à prévoir avec des suggestions bienvenues. Budget total de 1 500 €."
c55cf5a4-21aa-4255-a8de-639775d8da89,40000.0,"Participants : 200 personnes | 100 chambres. Dates : du 11/09/2024 (Matin) au 12/09/2024 (Après-midi). Date flexible. Localisation : Pays-Basque, Landes. Restauration : Oui (1 petit déjeuner | 2 déjeuners | 1 dîner). Lieux : Privatisé. Activités : Non. Soirée : Oui, pas tardive. Besoin de wifi : Non. Espaces de travail : Non, il y aura une près de l'entreprise mais dans le restaurant. Transport : Non. Budget : 40 000 € (200 €/nuit/personne). Informations complémentaires : Anniversaire d'entreprise - Dates : courant septembre, semaine ou WE - Arrivée matinée jour 1, départ après-midi jour 2 - Restauration : cocktail déjeunatoire, dîner, brunch lendemain matin - Souhaite un devis chambre partagées / individuelles - Budget : 200/pers tout compris."
0fa7a0b2-737c-4ade-b414-55703dc466ee,0.0,"Événement pour 9 participants avec 3 chambres, prévu du 09/07/2024 au 10/07/2024. Pas de restauration prévue, mais petits déjeuners, déjeuners et dîners sont disponibles. Lieu privatisé. Besoin de wifi non spécifié. Espaces de travail non nécessaires."
4040ddff-ca64-4706-b241-76777606bbdd,3500.0,"Événement pour 25 participants avec 10 chambres réservées. Dates prévues du 05 au 06 octobre 2024. Localisation possible à Marseille ou en région parisienne. Restauration inclut petits déjeuners, déjeuners et dîners. Activités prévues, mais pas de soirée organisée. Pas besoin de wifi ni d'espaces de travail."
9a18e605-3c54-44ab-99cf-aa39c8fbb0fb,2200.0,"Participants : 15 personnes | 15 chambres. Dates : du 17/07/2024 (9h) au 18/07/2024 (18h). Localisation : Département 14 ou 61. Restauration : Non (petits déjeuners | déjeuners | dîners). Lieux : Privatisé. Activités : Non. Besoin de wifi : Oui. Espaces de travail : Non. Transport : Non. Budget : 2 250 € (150 €/nuit/personne). Informations complémentaires : - Idéalement chambres individuelles. - Pour le mois de juillet, nous pourrions cuisiner tous ensemble le soir si c'est possible. Donc pas de prestation de restauration."
8bea8ea5-4c37-4c2c-a96c-dcf73302f017,0.0,"Événement pour 12 participants avec 12 chambres réservées. Dates prévues du 08 au 10 octobre 2024, autour de Lyon St Exupéry. Restauration incluse avec 3 déjeuners. Lieu privatisé sans activités ni soirée. Besoin de wifi et d'espaces de travail disponibles. Pas de transport prévu. Budget total de 6 000 €."
8d0d86b2-aeaf-48f5-8cfb-4bad9f0e2179,4000.0,"Événement avec 10 participants, prévu du 17 au 20 juillet 2024. Hébergement : 8 chambres simples et 2 chambres twin. Arrivée l'après-midi et départ le matin. Restauration en pension complète."
77e04a49-7058-4185-b06e-41da654c7b18,0.0,"Événement pour 10 participants, du 10 au 12 septembre 2024, avec arrivée et départ le matin. Restauration en pension complète avec petit déjeuner, déjeuner et dîner livrés."
fda37a4f-697e-4ff9-81a8-cc8b61ee7c0d,0.0,"Événement avec 240 participants prévu pour le 12 juin 2025, incluant un forfait journée d'étude."
aca20e09-48ce-41ff-a385-1b106ddc330f,0.0,"Événement pour 11 participants prévu du 1er au 2 août 2024, avec arrivée et départ le matin, et restauration sous forme de location sèche."
db634880-a13e-4bda-84d7-55103619356d,0.0,"Événement pour 10 participants, prévu du 11 au 13 septembre 2024, avec une arrivée le matin et un départ l'après-midi. Restauration sous forme de location sèche."
565cc56c-6d01-4b06-96c8-198e2991566a,0.0,"Événement pour 6 participants, prévu du 02/10/2024 au 03/10/2024. Hébergement en chambres single avec arrivée et départ le matin. Restauration en pension complète incluant petit-déjeuner, pauses, déjeuner et dîner avec options spécifiques. Accès à un espace de travail inclus."
e4a869e4-d9e2-4dba-95e3-8a554e9de06d,0.0,"Événement avec 35 participants et 8 chambres, prévu du 10 au 11 octobre 2024. Pas de restauration incluse. Lieu privatisé. Besoin d'une connexion wifi et d'espaces de travail."
0974c328-f759-4030-bd48-ab04b745d81b,35000.0,"Participants : 150 personnes | 75 chambres. Dates : du 10/10/2024 (09h) au 11/10/2024 (16h). Localisation : Autour de Saint-Nazaire, Pornichet. Restauration : Oui (2 petits déjeuners | 2 déjeuners | 1 dîner). Lieux : Privatisé ou partagé. Activités : Oui, idéalement une activité team-building. Soirée : Oui, prévoir une petite soirée si possible. Besoin de wifi : Oui. Espaces de travail : Oui (Pas de disposition particulière, une plénière). Transport : Non. Budget : 33 000 € (220 €/nuit/personne) BUDGET POTENTIELLEMENT FLEXIBLE. Informations complémentaires : Ont déjà fait des demandes de devis pour Reims. Ils ont déjà un lieu mais elle leur propose autre chose. Le plus de chambres possible c'est le mieux. 2 journées complètes de boulot : 1 JE complète + 1 SR. 33 K€ avec activité hors transport négociable."
53fe1e02-bc12-4e2d-92f0-90e4dac6e318,35000.0,"Événement avec 150 participants prévu du 10 au 11 octobre 2024, incluant 80 chambres twin, arrivée le matin et départ l'après-midi, avec restauration en pension complète."
965c6dbe-0a1d-42ae-a591-4757317704f4,0.0,"Un événement avec 17 participants prévu du 18 au 19 septembre 2024, incluant 9 chambres simples et 8 chambres doubles, avec arrivée et départ le matin, et une restauration en pension complète."
44adcfc8-7b42-4760-aa95-3c1ba9146944,0.0,"Participants : 35 personnes | chambres
Dates : du 19/09/2024 (9h) au 20/09/2024 (17h)
Localisation : 
Restauration : Oui (petits déjeuners | déjeuners | dîners)
Lieux : Privatisé
Activités : Oui,
Soirée : 
Besoin de wifi : 
Espaces de travail : Oui
Transport : Non,
Budget : 5 250 € (150 €/nuit/personne)
Présélection : La So Villa de Théophile
Informations complémentaires : Critères : moins de 2h de Paris en voiture Date : tous les weekend de septembre (sauf le 20) et les 2 premiers d'octobre Oui idéalement la nuit du jeudi au vendredi (ou du vendredi au samedi) Chambres partagées Restauration : oui Transport : non Activité : potentiellement Autre critère : espace extérieur avec pelouse pour jouer au molki/spikeball/badminton"
00062d43-6f32-48ad-80a5-9c8bb04f4c3e,0.0,"Événement pour 25 participants prévu le 26/09/2024, incluant un accès à un espace de travail pour une journée d'étude, des pauses avec boissons et viennoiseries le matin, un déjeuner de 3 plats avec boissons non alcoolisées, et une pause l'après-midi avec mignardises."
d28d1bce-7e84-482a-b640-cfd787948222,0.0,"Événement pour un groupe de 13 personnes avec 9 chambres réservées. Dates : du 01/10/2024 (18h) au 02/10/2024 (10h). Localisation : plusieurs régions possibles. Restauration incluse avec 1 petit déjeuner, 0 déjeuners et 1 dîner. Lieu privatisé. Activités disponibles, mais pas de soirée prévue. Pas besoin de wifi ni d'espaces de travail. Pas de transport organisé."
1b128482-a631-4ab5-9317-e5fcdb9a5b01,0.0,"Événement pour 15 participants, prévu du 23 au 25 octobre 2024, avec 10 chambres simples. Arrivée le matin et départ l'après-midi, incluant la pension complète."
a4413ff8-db8c-4167-8b98-1ef648cd1a9d,0.0,"Événement avec 50 participants, prévu sur deux jours, avec hébergement en chambres twin et restauration en pension complète."
a1d321d7-5c1d-4326-9ad1-249678085f9a,0.0,"Événement avec 50 participants prévu du 19 au 20 septembre 2024, incluant 50 chambres simples et une restauration en pension complète."
b2b4034f-a631-4ae3-b60c-7ef5908ae95d,0.0,"Événement avec 50 participants prévu du 19 au 20 septembre 2024, incluant 50 chambres simples, avec arrivée et départ le matin, et restauration en pension complète."
e75f8811-a9c9-4abc-870c-732a6c8c39c8,6000.0,"Événement avec 35 participants, prévu du 04/10/2024 (18h) au 04/10/2024 (00h), ou les 10 ou 17 octobre, à Paris. Restauration sous forme de cocktail dinatoire avec vin, bière et cocktails. Lieu privatisé ou partagé. Activité de photobooth prévue. Soirée avec cocktail dinatoire et sonorisation. Pas besoin de wifi ni d'espaces de travail. Transport non inclus. Budget de 6 000 € par nuit et par personne."
071aa2c8-efb6-4b0e-9acb-be818f0f8bbd,0.0,"Événement pour 60 participants avec hébergement en chambres simples. Dates fixées du 15 au 16 octobre 2024. Localisation à 2 heures de Paris en train ou en voiture. Restauration inclut un petit déjeuner, un déjeuner et un dîner. Lieu convivial avec des activités prévues. Une salle privatisée pour la soirée. Besoin de wifi et d'un espace de travail en cabaret pour une demi-journée."
2cc93e54-02b6-4cf6-911d-f9a61fae9301,16000.0,Événement pour 20 participants avec hébergement. Dates : du 09 au 11 octobre 2024. Localisation : Île-de-France. Budget total de 16 000 € incluant les repas et activités de team building. Programme détaillé avec repas et séances de travail.
013d329f-c4a0-4d92-948a-3bdff1b72a7b,8000.0,"Événement pour 40 participants avec hébergement de 20 chambres. Dates prévues pour un week-end en octobre ou novembre, de 11h le samedi à 11h le dimanche. Localisation entre Aix/Marseille et Lyon. Restauration incluse : 1 petit déjeuner, 1 déjeuner et 1 dîner. Lieu privatisé avec activités proposées. Pas de soirée prévue. Besoin de wifi et d'espaces de travail. Pas de transport inclus. Budget total de 8 000 € (200 €/nuit/personne)."
65413dcf-6c37-4117-a42f-2f56f37ac074,0.0,"Participants : 27 personnes | 0 chambres. Dates : du 29/10/2024 (08h) au 29/10/2024 (18h). Localisation : Proche d'une ville. Restauration : Oui (1 petit déjeuner | 1 déjeuner | 0 dîners). Lieux : Privatisé ou partagé. Activités : Oui, en lien avec leur activité, axé sur la nature et la découverte. Soirée : Non. Besoin de wifi : Oui. Espaces de travail : Oui (Salle plénière en U, 2 paper board, vidéo projecteur, wifi). Transport : Non. Budget : 2 500 € (/nuit/personne). Présélection :."
3f62c475-54c4-4cdf-a2c1-d00a978f8cde,30000.0,"Événement pour 120 participants à Paris, le 17 décembre. Comprend un dîner buffet pour 120 personnes, un lieu privatisé, des animations pendant la soirée, un photobooth, un DJ et une soirée dansante. Budget entre 25 000 et 35 000 €. Planning : apéritif à 19h, dîner à 20h avec animations, soirée dansante à 22h."
30e5beb0-0bf0-4bcd-8a80-01da1f0ff559,12000.0,"Participants : 30 personnes | 15 chambres. Dates : du 16/10/2024 (18h) au 18/10/2024 (18h). Localisation : 2h de Marseille. Restauration : Oui (2 petits déjeuners | 2 déjeuners | 2 dîners). Lieux : Privatisé. Activités : Oui, sportive. Soirée : Non. Besoin de wifi : Oui. Espaces de travail : Oui. Transport : Oui. Budget : 12 000 € (200 €/nuit/personne)."
c166e41a-e658-47c5-af15-4ad023abdf29,3000.0,"Événement pour 15 participants avec hébergement de 10 chambres. Dates : du 15 au 16 octobre 2024. Localisation : Aix/Marseille. Restauration incluse : 1 petit déjeuner, 1 déjeuner, 1 dîner. Lieu privatisé. Activités de cohésion prévues. Besoin de wifi et d'espaces de travail. Pas de transport fourni. Budget de 3 000 € (200 €/nuit/personne). Moins de 2 heures de Aix."
81071828-221a-46a4-81a8-677df5e3c3ff,0.0,"Participants : 14 personnes | chambres twin ok. Dates : du 02/01/2025 (09h) au 03/01/2025 ; dates fixes. Localisation : Montagne ou campagne. Restauration : Oui (petits déjeuners | déjeuners | dîners). Lieux : privatisé ou partagé. Activités : Oui. Soirée : Non. Besoin de wifi : Oui. Espaces de travail : Oui. Transport : Non. Budget : 2 000 € (142,86 €/nuit/personne) 200 euros/personne en incluant l'activité. Informations complémentaires : Activités plein air le 2 après-midi (randonnée, jeux) et départ le 3 après-midi. Campagne montagne : Paris Lyon Bordeaux. Gîtes ++ ou domaine. Réunion le matin. Déjeuner. Après-midi animée avec activité en plein air : âges très hétérogènes (19-56). Orienté sur le bien-être ou le plein air. Randonnée organisée. Dîner. Nuitée. PDJ. Quartier libre. Déjeuner le midi. Repartir après-midi."
035f3657-2ade-4863-8fe3-26e12e148495,5000.0,"Événement festif de fin d'année pour un groupe de 40 personnes, se déroulant de 19h à 1h, incluant un cocktail dînatoire, un DJ et une animation quiz, situé à Paris, avec un budget compris entre 100 et 130 euros HT."
40476be7-6262-4604-907e-6be2870a9120,0.0,"Événement pour 45 participants avec 26 chambres réservées, se déroulant du 16 au 18 juin 2025, avec une flexibilité sur la semaine. Localisation dans le sud, en Ardèche ou Verdon, bien desservie par les trains, mais moins proche de la côte. Restauration incluse pour les petits déjeuners, déjeuners et dîners. Lieu privatisé. Activités prévues, potentiellement deux l'après-midi. Soirée avec une salle pour de la musique, sans nécessité d'un DJ, avec une fin tranquille le premier soir et jusqu'à 4h le deuxième soir. Besoin de wifi et d'espaces de travail pendant la première après-midi et le lendemain du deuxième jour. Transport organisé avec une navette d'une heure, maximum 4h de train. Budget total de 20 000 € incluant les transports, avec un budget de 15 000 € pour l'hébergement (166,67 €/nuit/personne). Informations complémentaires sur Paris et Annecy."
9f15ae56-5330-442d-9216-1e18bc4bcb08,5400.0,"Événement prévu pour 27 participants le 12 décembre 2024, de 17h à minuit. Restauration incluse avec apéritif et cocktail dînatoire jusqu'à minuit, boissons comprises. Lieu à déterminer, soit privatisé soit partagé. Activité prévue : Escape Game de 17h à 18h30."
e7952d59-0306-416d-b9c6-0c0c17e3847f,9000.0,"Événement pour 34 participants avec hébergement en 2 chambres individuelles. Dates : du 05/12/2024 au 06/12/2024, flexibles. Localisation proche de Paris, accessible via une gare routière, en Normandie. Restauration incluse : 1 petit déjeuner, 2 déjeuners, 1 dîner. Activités sportives possibles, soirée avec playlist et 2 tickets pour alcool. Besoin de wifi et d'espaces de travail pour présentation le premier jour. Transport prévu. Budget total de 9 000 €."
4a406395-e45d-4c4b-80f7-1f55784f5e9d,0.0,Événement avec 47 participants prévu le 12 décembre 2024.
4c28653c-1073-438b-9819-7c47b1f257cf,0.0,Événement avec 81 participants prévu pour le 19 décembre 2024.
259e03fa-e841-4b97-90c9-7c05e38fcb57,0.0,"Événement avec 24 participants prévu du 13 au 17 janvier 2025, avec arrivée en après-midi et départ en après-midi. Restauration sous forme de location sèche."
59245861-1807-4aaa-88c9-373a80924172,4000.0,"Événement pour 85 participants prévu le 18/12/2024 de 18h à 23h à Levallois, Saint-Lazare, Opéra. Restauration sous forme d'afterwork avec tapas et boissons variées. Lieu privatisé ou partagé avec musique d'ambiance. Budget total de 4 800 € TTC."
f4087034-1217-40a3-9b2d-b0af04ecfe9b,0.0,"Événement pour 17 participants prévu du 17 au 19 décembre 2024, avec des chambres simples et une arrivée le matin. Le départ est prévu pour l'après-midi et la restauration est en pension complète. Les prestations incluent des forfaits pour un séminaire résidentiel et une demi-journée d'étude."
0db5ebf0-7183-4bd4-ae1c-67295635cfb2,4000.0,"Participants : 16 personnes | 16 chambres. Dates : du 16/12/2024 (10h) au 17/12/2024 (16h). Localisation : Sud Ouest. Restauration : Oui (16 petits déjeuners | 0 déjeuners | 0 dîners). Lieux : Privatisé. Activités : Non. Soirée : Non précisée. Besoin de wifi : Oui. Espaces de travail : Oui (Espace de travail pour 16 personnes, adapté à un CODIR - disposition en board). Transport : Non. Budget : 5 000 € (312,50 € / nuit / personne). Informations complémentaires : CODIR J1 - Arrivée vers 10h J2 - Départ à 16h. Besoin d'un espace de travail et d'un espace de restauration / loisirs. Prévoir le petit déjeuner du J2, ils s'occupent de la restauration."
073432f4-7b5e-47ba-987a-195547fbeb7d,0.0,"Événement pour 14 participants, se déroulant du 17 au 18 décembre 2024 à Labatie-d'Andaure, avec une arrivée et un départ le matin. Restauration sous forme de location sèche."
da7f4f1b-57be-4b31-9576-b4467ea7294e,0.0,"Événement pour 75 participants le 12 décembre 2024, de 19h à 2h, à proximité de Marcq-en-Barœul. Préférence pour un espace privatisé avec restauration incluant des planches à partager, miniburgers et tapas, ainsi qu'un forfait boisson et une coupe de champagne de bienvenue. Pas d'activités prévues, mais une soirée jusqu'à 2h. Pas besoin de wifi ni d'espaces de travail, et le transport n'est pas nécessaire. Budget de 3 000 € par nuit et par personne."
64bedd31-d5af-4754-a527-f928221e8734,0.0,"Événement pour 30 participants se déroulant à Nancy du 13 au 15 janvier 2025, avec 30 chambres simples réservées. Arrivée prévue en après-midi et départ en après-midi. Restauration en pension complète."
232e5353-a92f-46df-88d8-75eab9905089,2200.0,"Événement pour 20 participants prévu le 06/12/2024 à Gennevilliers, incluant un dîner de 19h30 à 23h."
92c3dc0e-0d11-48bc-81f5-d78eaa8064e1,0.0,"Événement pour 60 participants sur 3 jours et 2 nuits. Hébergement sur place avec tous les repas et boissons inclus, y compris 2 dîners. Budget total de 60 000 €."
03d85c78-afc2-4381-97b0-e5440b6af6c0,0.0,"Événement pour 40 participants, se déroulant le 12 décembre 2024 de 19h à minuit. Comprend un apéro dinatoire et un dîner spectacle. Activités ouvertes et besoin de wifi."
1d40b635-2651-4f66-852e-2bcee881ea60,0.0,"Événement pour 45 participants, prévu du 19 au 20 juin 2025 à Pont-Audemer. Hébergement en chambres twin, avec arrivée le matin et départ l'après-midi. Restauration en pension complète."
26cd2f03-6912-4803-9045-2b05de658537,0.0,"Événement avec 60 participants, sans chambres réservées. Dates : 27 mai 2025 (matin) à 27 mai 2025 (soirée). Localisation possible à Orléans ou Rouen. Restauration incluse (petits déjeuners, déjeuners, dîners). Lieux à privatiser ou partager. Pas d'activités prévues. Soirée jusqu'à une heure non spécifiée. Besoin de wifi et d'espaces de travail. Pas de transport organisé. Budget total de 5 100 € par nuit et par personne."
84f29043-dd94-4db0-864e-2977d919cd23,3000.0,"Événement pour 10 participants se déroulant le 30 janvier 2025, avec restauration et activités prévues. Localisation dans le sud de Paris, besoin de wifi et d'espaces de travail, budget de 3 000 €."
1dd8fc4c-5fce-47dc-91ce-0dbc4fc76bd3,0.0,"Séminaire de 35 participants prévu sur un weekend de septembre ou le premier weekend d'octobre 2025, incluant l'arrivée le vendredi soir, des activités, des repas, et des nuitées en chambre individuelle et partagée. La restauration est gérée par le client avec accès à une cuisine équipée."
cfe96366-8c43-46b6-927e-1dc46ab6d074,800.0,"Événement pour 8 participants, prévu le 14 janvier 2025 de 8h à 15h à Avignon nord (10-20 km de la ville). Restauration incluse avec une pause le matin et un déjeuner. Pas d'activités ni de soirée prévues. Besoin de wifi et d'un grand espace de travail avec vidéoprojecteur. Pas de transport fourni. Budget de 800 € par nuit par personne."
ed1699f9-bef8-4d66-ba38-18119bddd489,0.0,Événement avec 115 participants prévu le 06/02/2025 à Lille.
4c1765cc-4831-4a4a-a6a8-1bef5e261e0c,0.0,"Événement pour 115 participants, se déroulant à Lille métropole le 06/02/2025 de 19h à 00h. Restauration sous forme de cocktail dinatoire, avec possibilité de lieu privatif ou partagé. Pas d'activités prévues, soirée jusqu'à 00h/01h. Besoin de wifi, pas d'espaces de travail."
da32e281-dd98-42da-ad1d-a8404dadd4b9,40000.0,Événement pour 80 participants se déroulant à Paris ou Lyon du 11 au 13 mars 2025. Hébergement en chambres simples avec arrivée en fin de matinée et départ après le déjeuner. Restauration en pension complète. Salles requises : théâtre et sous-commission avec 3/4 îlots. Lieu souhaité en pleine nature avec un budget de 50k.
6e2ae4ff-ab8b-4980-97f1-c3c97e2f54df,0.0,"Événement privé pour un groupe d'amis en septembre 2025, rassemblant 25 participants. Lieu en Provence, accessible en moins de 45 minutes d'une gare TGV, avec un besoin de 10 chambres minimum. Préférence pour des repas traiteurs, budget maximum de 10 000 euros."
87bc85fa-5345-468d-9c46-298c4b251c9d,0.0,"Événement pour 60 participants, se déroulant à Versailles, France, du 16 au 17 juin 2025. Comprend 60 chambres simples, avec arrivée le matin et départ le soir, en pension complète."
211e745f-d2ec-422f-9c53-8e17ebf0e82c,0.0,"Événement pour 25 participants, se déroulant à Cerny du 17 au 18 mars 2025. Arrivée le matin et départ l'après-midi. Restauration en pension complète incluant petit-déjeuner, déjeuner, dîner et pauses permanentes."
4770fd66-ee6d-4fe9-92b7-efe9dc674d73,2000.0,"Événement pour 9 participants avec hébergement de 9 chambres. Dates : du 22/01/2024 au 23/01/2024. Localisation : région spécifique. Restauration incluse avec petits déjeuners, déjeuners et dîners. Lieux pouvant être privatisés ou partagés. Activités prévues : quizz et dégustation, sans nécessiter de déplacements importants. Pas de soirée prévue. Besoin de wifi et espaces de travail avec lumière du jour et équipement audiovisuel. Pas de transport inclus. Budget total de 2 000 €."
6c5aee1c-2916-46aa-bcba-493289064964,0.0,"Événement pour 22 participants avec hébergement de 15 chambres, prévu du 24 au 27 juin 2025 à Sofia Antipolis/Cannes. Pas de restauration fournie, mais petits déjeuners, déjeuners et dîners sont à organiser. Lieu privatisé avec piscine et activités annexes. Pas d'activités spécifiques prévues. Besoin de wifi et budget de 5 000 €. Décisionnaire principal avec son équipe, planification en janvier. Type d'événement : hackathon sur 2-3 jours pour immersion et création de prototypes."
f82eb9db-8f43-4c9a-af2c-cf8cfddd339b,0.0,Événement avec 180 participants prévu le 19 septembre 2025 à Ancenis-Saint-Géréon.
ef8bff31-3569-4d8e-a699-f53799008d18,15000.0,"Événement avec 30 participants et 30 chambres réservé à Paris, du 10 au 12 février 2025. Comprend des repas (2 petits déjeuners, 2 déjeuners, 2 dîners) et des espaces de travail. Wifi requis et transport organisé. Budget total de 15 000 €."